aVbo4n0fl4k\t3742.0\tPrier selon le cœur de Dieu (Partie V) | Psaume 40 : 1 - 17
IqNmh_XGULE\t3555.0\tPrier selon le cœur de Dieu (Partie IV) | Psaume 40 : 1 - 17
QNBVujCU8cI\t3285.0\tPraying According to the Heart of God (Part III) | Psalm 40: 1-17
vqmPGRUv7l0\t3920.0\tPraying According to the Heart of God (Part II) | Psalm 40:1-11
ys7f1zqwfWg\t3541.0\tPraying According to God's Heart (Part I) | Psalm 40:1-4
yg0myrggKt0\t3900.0\tThe Danger of Bitterness | Hebrews 12:14–17 | Pr. Brian Borgman
TyjEJN_eVvE\t3320.0\tThe Triumph of Mercy | James 2:12-13
sHaUvglDk8k\t4130.0\tJohn 13:1-18 | Sunday, April 5
r2phMiy2ymg\t4236.0\tGalates 6 : 16 - 18 | Dimanche 29/03
bA_raD3yptU\t3945.0\tLe jugement imminent de Dieu : la nuit est avancée, le jour approche |  Ézéchiel 7 : 5 - 7
RoEGlbc9Td0\t3927.0\tLe légalisme transgresseur face à la liberté sanctifiante | Galates 6 : 13
lQJIB1N_Jl4\t3821.0\tChrist, Prêtre et Roi de paix | Hébreux 7 : 1 - 2
CI2ATsRnUQ8\t178.0\t10th Good News Conference: Brian Borgman, Don Currin, Joel Favre and David Pelosi
XyyNKZNcVTs\t2718.0\tPraying with Christ at the Throne of Time | Professor David Pelosi | CBN8 Paris 2024 | Presentati...
WNAfTDl54b8\t3662.0\tUne toute nouvelle histoire avec Dieu | Dr Joel Beeke | CBN8 Paris 2024 | Intervention 07/10
o5Yr65HdwO8\t3305.0\tEncountered by God | Professor David Pelosi | CBN8 Paris 2024 | Presentation 06/10
H8uERtEBbys\t3811.0\tFruit of the Spirit: temperance
HOjW63LMfhQ\t4480.0\tAuthentic Conversion, Responsible Ambassadors
ch8YEPP3twE\t4074.0\tL'Évangélisation Biblique
Tqu-GLCEgbA\t3205.0\tBeing a Witness of Christ
Bx5Z25JOL1Q\t3663.0\tFavoritisme : Incohérent avec les principes de l'Evangile
E1yHe_-wugw\t3109.0\tFavoritisme : incompatible avec Dieu et son peuple
0gx_6KBQMXc\t3045.0\tL'origine ténébreuse du favoritisme
9ViOL-rIG1c\t4174.0\tLe fondement ultime de notre espérance
dU-aDP5rMBc\t3621.0\tLe fruit de l’Esprit et Les Moyens de Grâce
k2Ni-szTzyk\t3888.0\tLe Caractère Cultivable du Fruit
p39Ke0-9ZbM\t142.0\tPaul Washer t'invite à la Conférence à Paris 2025 !
QhdOXa4UQ5s\t3666.0\tAssurance perpétuelle, l’ Esprit de Dieu chez le croyant
oU6skQrVr-c\t4011.0\tLes caractéristiques des fruits de l'Esprit. (part I) Galates 5:22-26
VIbfXmDI0go\t2782.0\tLa Foi à l'épreuve du temps | Dr Burk Parsons | CBN8 Paris 2024 | Intervention 05/10
JOgOLb3Ij2U\t3733.0\tL'Église à l'épreuve du temps | Dr Joel Beeke | CBN8 Paris 2024 | Intervention 04/10
1Bh1GAvozDE\t3862.0\tChrist, le centre de l'Histoire | Dr  Hensworth Jonas | CBN8 Paris 2024 | Intervention 03/10
0aNrtKizDTQ\t3299.0\tL'Histoire humaine séparée de Dieu | Pr  Vincent Lemieux | CBN8 Paris 2024 | Intervention 02/10
UDD4dPk7k8I\t2651.0\tLe Dieu de l'Histoire | Pr  Joël Favre | CBN8 Paris 2024 | Intervention 01/10
hzzJiuEWuDg\t2388.0\tQuestions et réponses | CBN7 Paris 2023
j0Bu3PTC2uA\t2681.0\tTa Parole sauve | Pr Paulo Junior | CBN7 Paris 2023 | Intervention 10/10
yE79-m4TpNs\t2975.0\tTa Parole est Christ | Dr. Conrad Mbewe | CBN7 Paris 2023 | Intervention 9/10
HPcMmRbmkxs\t3705.0\tTa Parole règne | Pr David Pelosi | CBN7 Paris 2023 | Intervention 8/10
KXNVz1UQb7g\t3436.0\tTa Parole corrige | Dr. Burk Parsons | CBN7 Paris 2023 | Intervention 6/10
KkEqb_CnTYg\t3012.0\tTa Parole restaure | Pr. David Vaughn | CBN7 Paris 2023 | Intervention 6/10
LufiVWM2vrA\t3347.0\tTa Parole est complète | Dr Burk Parsons | CBN7 Paris 2023 | Intervention 5/10
qBYoEAprWYI\t3348.0\tYour Word is Clear | Prof. Pascal Denault | CBN7 Paris 2023 | Presentation 4/10
HX_Fqy31Xfc\t2764.0\tTa Parole est inspirée | Dr Conrad Mbewe | CBN7 Paris 2023 | Intervention 3/10
Qu1HEX8xLS4\t3397.0\tTa Parole est fiable | Pr. Pascal Denault | CBN7 Paris 2023 | Intervention 2/10
-CeZ_AKfaKw\t2796.0\tYour Word is Necessary | Prof. Vincent Lemieux | CBN7 Paris 2023 | Presentation 1/10
Sr-omkx0ew4\t204.0\tPaul Washer - Invitation à la 7ème Conférence BN | Paris 05 et 06 mai 2023
PEe-gsxWu3A\t123.0\tTa Parole Suffit | 7ème Conférence Bonne Nouvelle | Paris 05 et 06 mai 2023
vPuVEL-2vM8\t3547.0\tLa voix de l'église dans l'espace public | Paulo Junior | CBN6 Paris 2022 | Matinée Pastorale 2/2
a1fi79DrsI0\t2980.0\tQuestions et réponses | CBN6 Paris 2022
lsMzoS8ztpA\t3478.0\tLa paix qui surpasse les craintes missionnaires | David Vaughn | CBN6 Paris 2022 | Intervention 9/9
TOsz9q9GMGw\t3570.0\tLa paix qui surpasse toute intelligence | Dr. Sinclair Ferguson | CBN6 Paris 2022 | Intervention 8/9
k9eDQauPbas\t2570.0\tLa paix qui surpasse l'apostasie | Dr. Burk Parsons | CBN6 Paris 2022 | Intervention 7/9
Y8kFHCoq2UA\t3041.0\tLa paix qui surpasse la solitude | Pr. David Vaughn | CBN6 Paris 2022 | Intervention 2/9
K8V-jm9KjdE\t2470.0\tLa paix qui surpasse la mort | Dr. Sinclair Ferguson | CBN6 Paris 2022 | Intervention 6/9
uBazgFRICpA\t3471.0\tLa paix qui surpasse la culpabilité | Dr. Burk Parsons | CBN6 Paris 2022 | Intervention 5/9
wp2hWwNl3Ko\t3005.0\tLa paix qui surpasse nos faiblesses | Pr. Vincent Lemieux | CBN6 Paris 2022 | Intervention 4/9
yGtnee0bIiw\t3303.0\tLa paix qui surpasse les tragedies | Pr. Paulo Junior | CBN6 Paris 2022 | Intervention 3/9
rB9ZYLjuTNI\t3598.0\tPeace That Overcomes Anxiety | Prof. David Pelosi | CBN6 Paris 2022 | Presentation 1/9
tZiJ6w6QcQg\t3926.0\tLe héraut fidèle | Dr. Burk Parsons | CBN6 Paris 2022 | Matinée Pastorale 1/2
pjKHnVrQBvE\t1154.0\tPaul Washer absent pour raison médicale | + Entretien à propos de la conférence à Paris CBN6
hmdc7cbwWsc\t3342.0\tLa qualification apostolique suprême : plaire au Christ seul  (Gal.1:10) [GAL.008]
9qcmpi_86qY\t4095.0\tLa réprobation des faux évangiles et de ses prédicateurs  (Gal.1:6-9) [GAL.007]
0boDuClIA4k\t3154.0\tL'étonnement de l'apôtre Paul face à l'égarement des galates (Gal.1:6) [GAL.006]
Qawl8x-wkGQ\t3826.0\tLe rôle exclusif des Apôtres (Gal.1:1-5) [GAL.005]
a5wRhlci2wA\t1303.0\tBurk Parsons : N'aie pas peur - Conférence à Paris CBN6
ndatfCdiLs8\t3751.0\tL'appel exclusif des Apôtres (Gal.1:1-5) [GAL.004]
NDCyRMRt6xw\t3600.0\tPaul, the Theologian, Evangelist, and Christian (Gal. 1:1-5) [GAL.003]
Tq-6inKs7nk\t3583.0\tPaul, the Natural Man (Gal. 1:1-5) [GAL.002]
snB851daJXk\t3600.0\tIntroduction à l'épitre de Paul aux Galates (Gal.1:1-9) [GAL.001]
mlWmtvDy2KQ\t3752.0\tLa Dignité du Deuxième Commandement [Exode 20:4-6]
6Fy5LFDW_0k\t290.0\tPaul Washer et Burk Parsons dans la VI Conférence - Paris 27, 28 Mars 2020
yCBKVjfAfhQ\t3405.0\tLe Vrai Christ : L'Abandonné de Dieu [cROIx 08/13]
Uw9lmjSwI_I\t3587.0\tLa Vraie Identité du Christ attestée par les Miracles du Saint Esprit [cROIx 07/13]
Nde01t7rROg\t3587.0\t[Incendie de Notre-Dame] Le Témoignage du Saint Esprit sur Christ le Prophète [cROIx 06/13]
aghfRJM5R0Y\t3604.0\tLes Écritures Accomplies à la Croix (2/2) ( Mc.15:20-32 ) [cROIx 05/13]
2I1d-K_d-kM\t3708.0\tLes Écritures Accomplies à la Croix (1/2) ( Mc.15:20-32 ) [cROIx 04/13]
fqvw9oVcgMI\t3829.0\tUne Dignité Attestée par l'Humiliation Volontaire ( Mc.15:15-22 ) [cROIx 03/13]
P7WSbckY-lc\t3820.0\tLa Seule Conception de Jésus qui Sauve ( Mc.15:1-15 ) [cROIx 02/13]
6oJFqpJwjkk\t3859.0\tQui détermine la vérité sur Jésus ? ( Mc.15:1-15 ) [cROIx 01/13]
bDgLxV9HJ-w\t3298.0\tQuestions / Réponses avec Paul Washer (Conférence sur l'Expiation)
D07d-JTfTTM\t4233.0\t3. L'Efficacité de l'Expiation | Paul Washer Paris 2019
6ZZ-OCbs9II\t4979.0\t2. La Nature de l'Expiation | Paul Washer Paris 2019
SjcYd1pTROI\t4264.0\t1. Le Besoin de L'Expiation | Paul Washer Paris 2019
uNPP4M4Aqpc\t5316.0\tMatinée Pastorale avec Paul Washer : Questions et Réponses
4Q_jOMO_YkY\t3079.0\tMatinée Pastorale avec Paul Washer : l'Église du Christ à la Manière du Christ
kHnECRMIPp4\t3526.0\t4. L'Évangile du Christ est la Justification par la foi | Conrad Mbewe
jTY0krE61CA\t4598.0\t6. Questions et Réponses | Conrad Mbewe
6bCucA_dMhw\t3015.0\t5. Atelier : L'Évangélisation et l'Église Locale | Conrad MBewe
t3gwnXsIR0s\t2709.0\t3. Evangelization according to Christ: the only effective one | Conrad Mbewe
hp9-9DvU-Rc\t2946.0\t2. L'Évangélisation du Christ face à "l'Évangile" Centré sur les Miracles | Conrad Mbewe
EogCnlGv9hE\t3661.0\t1. The Evangelization of Christ versus the Materialistic "Gospel" | Conrad Mbewe
oJPxSV80j-c\t3184.0\tLe Chemin qui Mène à la Restauration [Divin Orchestre 13/13]
0TwfZjZW4r4\t3582.0\tLe Chemin qui Mène à la Chute [Divin Orchestre 12/13]
TDvPFzqCvy4\t3815.0\tJésus notre Justice [Divin Orchestre 11/13]
oEWkHDoF97w\t3600.0\tFidèle Malgré son Abandon [Divin Orchestre 10/13]
adc02BgQFW8\t73.0\tInvitation : Conférence avec Paul Washer à Paris 23/02/2019
Yu4pvLk15ng\t3437.0\tL'Arrestation du Tout Puissant [Divin Orchestre 09/13]
b2WqV_PoOKE\t73.0\tInvitation (v1) Conférence avec Paul Washer le 23 Février 2019
zmN8-ErWh6s\t3594.0\tLa prière qui triomphe sur l'Épreuve - Gethsémani [Divin Orchestre 08/13]
my59-loK7ig\t3123.0\tJoie Indescriptible - Mike Philips
crH89I9kdVc\t3737.0\tAngoissé jusqu'à la mort - Gethsemane [Divin Orchestre 07/13]
azgsP9ZQ52I\t3600.0\tFoi Triomphante [Divin Orchestre 06/13]
r5DkaLyQbwQ\t3599.0\tSainte Cène : Bienheureuse Assurance [Divin Orchestre 05/13]
k9gIc82LOWk\t3595.0\tLa Glorieuse Omniscience du Christ (Mc.14:12-21) [Divin Orchestre 04/13]
HGLROgzi8Z0\t3774.0\tIntimité Abominable (Mc.14:10,11)  [Divin Orchestre 03/13]
_6fF0wkDNMk\t3589.0\tAdoration Extravagante (Mc.14:3-9) [Divin Orchestre 02/13]
rqJ_E6GUMOk\t3866.0\tLe responsable ultime de la mort du Christ (Mc.14:1,2) [Divin Orchestre 01/13]
Q9A-bZnqZk4\t3624.0\tDistingués par la Gloire de Dieu - La Pâque [PEUPLE DE DIEU 15/15]
E5pdykB5IYE\t3660.0\tDistincts du Monde - les dix plaies [PEUPLE DE DIEU 14/15]
XXGAfEVaQ6k\t3828.0\tAucun rival n'est à la hauteur de l'Éternel [PEUPLE DE DIEU 13/15]
Nw-WuGXqPRg\t3702.0\tÀ nous la fidélité, à Lui le résultat [PEUPLE DE DIEU 12/15]
bfgvq2Rh7lQ\t3766.0\tSurmonter L'Incrédulité [PEUPLE DE DIEU 11/15]
-h6mzp9I55Q\t3671.0\tComment Dieu se Révèle [PEUPLE DE DIEU 10/15]
aVRg9gjwHsQ\t3706.0\tJe suis l'Eternel [PEUPLE DE DIEU 09/15]
zJhVVp9LNxg\t3665.0\tLaisse Partir Mon Peuple [PEUPLE DE DIEU 08/15]
is5Ve6fjMBY\t3526.0\tLa Glorieuse Paternité de Dieu [PEUPLE DE DIEU 07/15]
D7MuZoWxdaw\t3759.0\tCroire Dieu sur Parole [PEUPLE DE DIEU 06/15]
yFhiUBP6BgY\t3780.0\tDieu est au-delà de nos limitations [PEUPLE DE DIEU 05/15]
CmwPJVPj6H0\t3597.0\tDieu rend capable celui qu'Il appelle [PEUPLE DE DIEU 04/15]
aaYSumaDOZA\t3834.0\tRencontrer Dieu [PEUPLE DE DIEU 03/15]
1fW75nneR_U\t3302.0\tLe Soin Minutieusement Souverain de Dieu [PEUPLE DE DIEU 02/15]
mxNHeYhDeYk\t3698.0\tUn Peuple Sauvé de l'Oppression [PEUPLE DE DIEU 01/15]
6N9Jt9xxpo0\t123.0\tPaul Washer présente Conrad Mbewe [Conférence 06 octobre 2018]
yAE6stBYOMk\t60.0\tPrésentation de la Conférence EBN avec Conrad Mbewe
Wm019Mm4YU4\t3596.0\tRetour Certain et Éminent : Vigilance Totale [La Fin des Temps 11]
GvM0K-Q3iyw\t531.0\tRésumé Eschatologique  [La Fin des Temps]
5S_axblPJhE\t3431.0\tLe Retour Glorieux du Christ [La Fin des Temps 10]
mgB9nLSU_5k\t3068.0\tThe parameters of Divine Justice
yOyhVmYIjVg\t3598.0\tDieu est Souverain sur la Grande Tribulation [La Fin des Temps 09]
8UOGcf9pT8k\t3472.0\tGrande Tribulation : Dévastation et Apostasie [La Fin des Temps 08 ]
SwHXHImXV_s\t3477.0\tGrande Tribulation : L'Abominable de la Désolation [La Fin des Temps 07]
0trPVbYxjCs\t3586.0\tDieu est Souverain sur la Persecution [La Fin des Temps 06]
uNjlK4WPl9I\t3577.0\tProclamer sous Persecution [La Fin des Temps 05]
_uvce140PrA\t3599.0\tLe Commencement des Douleurs : Faux-Christs, Guerres et Catastrophes [La Fin des Temps 04]
BTWEpWQ1BYY\t3714.0\tSe Situant dans la Fin des Temps [La Fin de Temps 03]
YXTZzdQle7A\t3117.0\tLe Dieu qui Pourvoie : Pâques 2018
o8cqK_zW45I\t3540.0\tLe But du Temple -  Les Moyens par leurs Finalité [La Fin de Temps 02]
rTavTMT_8io\t1458.0\tLa Bonne Nouvelle et le Baptême
XNzatmgC97A\t3600.0\tVivre déjà par la Perspective de la Fin [La Fin des Temps 01]
x8iExXm8U3M\t3567.0\tPierres Vivantes Reliés entre elles en Christ (5e Anniversaire d'EBN 2/2) | Mike Phillips
jnIFvHzwcFA\t3680.0\tLe Dieu et le Peuple de la Réconciliation (5e Anniversaire d'EBN)
7HqK2A4AzTY\t3329.0\tRoi, Rebelles, Rançon, Réponse - Vinícius Musselman (Mc.1:14,15)
CT-y31Wlj58\t3095.0\tRegardez les Champs | Mike Phillips (03/12/2017)
MSJ73JEu1uI\t3964.0\tLa pauvre la plus riche : l'offrande qui plaît Dieu le plus
mG7CiQy37Co\t3624.0\tHypocrisie (3/4) : L'outrage de l'entière amabilité du Christ
thxNunTJpKI\t3601.0\tHypocrisie (2/4) : L'outrage de la grâce et de la bonté de Dieu
b8vELnYvaqU\t3649.0\tHypocrisie (1/4) : L'Outrage de l'Autorité et de l'Adoration de Dieu
xDjPLty5RQo\t2441.0\tL'Incarnation Un Fait Historique [Noël 2017]
izcZo4l8SIQ\t3600.0\tL'Indéniable Divinité du Christ [Chasse au Roi : 6/8]
RFh9rCv65N8\t3872.0\tAimer le Prochain comme Soi-même [Chasse au Roi : 5/8]
uhX8wbxSQ1g\t3537.0\tAimer Dieu de Tout Coeur [Chasse au Roi : 4/8]
Jl_xGmhSw2Q\t3675.0\tConnaître les Écritures et la Puissance de Dieu [Chasse au Roi : 3/8]
rXcYUL5ab6Y\t3580.0\tCe qui est à César et ce qui est à Dieu [Chasse au Roi : 2/8]
qD2RGp-rp-I\t3323.0\tLe Danger d'Abuser de la Grâce de Dieu [Chasse au Roi : 1/8]
TB7R8erBUxY\t3331.0\tRoi Suprême : l'Autorité du ciel et l'autorité des hommes [ Roi Jésus - 06/06 ]
REJMdL-djLc\t3574.0\tRoi de l'Univers : Prier sans Douter [ Roi Jésus - 05/06 ]
KB5SXgKGvuw\t3568.0\tJésus, Roi du Temple : l'essence de la vraie religion [ Roi Jésus - 04/06 ]
ZHrEKbeAJB4\t3557.0\tRoi de la Nature : le danger de ne pas fructifier [ Roi Jésus - 03/06 ]
uoOC4Tel1i4\t2835.0\tActifs dans l'Attente [Stephan Kongo]
AlWPMu-OBqo\t3787.0\tQuestions et Réponses [ REF500EBN ]
bhQ7aQVmqa4\t2845.0\tL'Assurance du Salut [ REF500 5/5 ]
NVKmcNEnn1o\t3562.0\tSeulement la Grâce et la Gloire à Dieu Seulement [ REF500 4/5 ]
9juIRKhETNA\t2846.0\tSeulement le Christ [ REF500 3/5 ]
4ikzW7Fp31g\t3287.0\tRoi d'Amour : Pacificateur, Courageux et Accessible [ Roi Jésus - 02/06 ]
mNqY4f0CYoA\t2906.0\tSeulement la Foi [ REF500 2/5 ]
SMzHFntsVd8\t2577.0\tSeulement les Écritures [ REF500 1/5 ]
QXL18EHQY3U\t3275.0\tRoi Unique : Légitime, Messianique et Divin  [ Roi Jésus - 01/06 ]
v9WqUIGHTGw\t755.0\tSemper Reformanda [Conférence 500 ans : Introduction]
CZkmvAvA4ds\t3427.0\tLa Maison du Dieu Omniprésent [ Au DELA de la VUE 9/9 ]
yyt3wv39lFc\t3627.0\tComment s'Approcher de Dieu [ Au DELA de la VUE 8/9 ]
nwYiAUfLA9I\t3748.0\tParticiper aux Victoires de Dieu - Partie 2 [AU DELA de la VUE 7/9]
a9w2mYesTag\t3541.0\tParticiper aux Victoires de Dieu - Partie 1 [AU DELA de la VUE 6/9]
c4kkYeEFvS0\t3710.0\tUn Coeur Selon Dieu [ AU DELA de la VUE 5/9 ]
iyQZAdyFG5M\t3832.0\tl'Obéissance Vaut Mieux que les Sacrifices [AU DELA de la VUE 4/9]
f18mpb72-2o\t3512.0\tUn Roi Selon le Coeur des Hommes [AU DELA de la VUE 3/9]
IZdVCiBe4XU\t4195.0\tL'Appel d'un Homme de Dieu [ AU DELA de la VUE 2/9 ]
RiUYSosPYcc\t128.0\tInvitation : Conférence 500ans de la Réforme Protestante
IvOAnueJ2eg\t3797.0\tL'Avantageuse Vision Spirituelle d'un Aveugle [ FAUX DIEUX 7/7 ]
_E8Q6GcAvtw\t2807.0\tPaul Washer - Le Dieu de la Parole - Q&R 13/11/2016
d7fLsUeRJsQ\t3691.0\tLe Genre de Prière que Dieu Répond [ AU DELA de la VUE 1/9 ]
x3Q6QMNyEj0\t3253.0\tLe Salut est de Dieu par Dieu et pou Dieu [Pâques 2017]
BY6h6MLNn7w\t2173.0\tDoux Espoir | Gustavo Faleiro
-MBc1XmwY3g\t3195.0\tNouvelle Nature [ Stephan Kongo ]
DNWcJ4nJdLg\t3532.0\tRoyaumes Contrastés [FAUX DIEU 6/7]
ZzXqezaJ6SY\t3447.0\tSouffrance Extreme, Consciente et Volontaire [FAUX DIEUX 5/7]
gB2APwqvFuQ\t3838.0\tLa Richesse des Renoncements [FAUX DIEUX 4/7]
Ej-cfuDIx3c\t3196.0\tLa Nature Trompeuse de l'Argent [FAUX DIEUX 3/7]
m4U4zENp9KY\t3679.0\tL'argent à la place de Dieu [FAUX DIEUX 2/7]
TzuREsU3I1Q\t3441.0\tLe Royaume de Dieu est aux Petits Enfants [FAUX DIEUX 1/7]
UsOSkTNE1Ec\t3546.0\tLe But Ultime du Mariage [Inséparables 5/5]
GS6l3e314uU\t3737.0\tLe Mariage selon Dieu [Inséparables 4/5]
8y4wRQqJwlc\t3269.0\tDieu a le Dernier Mot à Propos du Mariage [Inséparables 3/5]
_HP8mnDzycM\t3640.0\tLa Source Ultime de la Guerre des Sexes [Inseparables 2/5]
BSUk6hEzjlc\t3429.0\tLe Piège sur la Sexualité et la Principale Activité du Christ [Inséparables 1/5]
WstQhX81KQ8\t3383.0\tMutiler la Chair pour Préserver l'Esprit (Ciel sur Terre - Partie 10/10)
o2yxQ5LigDI\t2659.0\tQuand l'Amour Parle sur l'Enfer (Ciel sur Terre - Partie 9)
_3yEddZCV78\t2845.0\tLe minimum attendu d'un enfant de Dieu (Ciel sur Terre - Partie 8)
QwKi-XnAXOU\t2573.0\tL'Extension de l'Unité Chrétienne (Ciel sur Terre - Partie 7)
T1pjDjZZdC0\t3317.0\tLa Maturité d'être comme un Enfant (Ciel sur Terre - Partie 6)
OB3L3gNci_8\t3073.0\tCe qui est central dans l'Évangile (Ciel sur Terre - Partie 5)
c9BdsF2a0EI\t3303.0\tSurmontant L'Incrédulité (Ciel sur Terre - Partie 4)
7rIrBOOEFjM\t2500.0\tEmmanuel : DIEU avec nous [Culte de Noël 2016]
CIOgYkQwjKs\t2993.0\tLe Rôle Central de la Résurrection (Ciel sur Terre - Partie 3)
TNzf-ZwuiNw\t2663.0\tL'Amour du Père fait la Force du Fils (Ciel sur Terre - Partie 2)
SgfKB24a2IQ\t2658.0\tLa plus grande expérience sur Terre (Ciel sur Terre - Partie 1)
LAcVjq-mfJc\t3021.0\tLa Suffisance et la Clarté de La Bible (Parole de Dieu 4/5)
uNwWgjbrlJE\t3878.0\tPaul Washer - Le Dieu de la Parole
lWtea4iQzKw\t2741.0\tInspiré de Dieu (Parole de Dieu 3/5)
FN9rd9Etf34\t3139.0\tNécessaire et Certaine (Parole de Dieu 2/5)
YddrI9bp5RI\t2925.0\tLa Puissance de La Bible (Parole de Dieu 1/5)
JCn787d_Jp0\t3254.0\tDélivrés de L'Inutilité [ Bonne Nouvelle - 04]
68zvb_kYKTI\t3587.0\tDélivrés des Crises d'Identité [Bonne Nouvelle 03]
PvfCV8NDNJI\t2801.0\tDélivrés de l'Anxiété [Bonne Nouvelle 02]
S-aFo9Xbj6w\t2081.0\tComment mesurer l'amour de Dieu [Bonne Nouvelle 01]
5CvdsXDA_do\t2559.0\tLa motivation ultime pour venir à l'église [Gloire de Dieu Joie des Hommes]
daR_99v6uF4\t3305.0\tMettre en Pratique - Philippiens.3
cg223UD4Zcg\t2584.0\tLa question ultime: Qui est Jésus? [Des Yeux pour Voir - 05]
FDcy9KUQM6s\t2560.0\tComment Voir Dieu? [Des Yeux pour Voir - 04]
srNVCECQC8c\t2971.0\tComment Semer un Coeur Enseignable [Des Yeux pour Voir - 03]
o4hWvXrGs8k\t3642.0\tLa Maison Centré sur l'Évangile  [ Don Currin ]
IeXbvNHONQg\t2504.0\tVivre la Cause pour Voir les Conséquences [ Gustavo Faleiro ]
800aQy9Qedc\t2728.0\tLa limite de la compassion du Christ [Des Yeux pour Voir 02]
FZrU1IRV6kg\t2820.0\tLa Glorieuse Compassion du Christ [Des Yeux pour Voir 01]
K93euFd3uvo\t2679.0\tDieu Accessible [Religion Vaine 04]
Vder31Ld8A0\t2807.0\tUne foi est rarement trouvée dans la religion [Religion Vaine 03]
SXtl8HuHIP4\t2690.0\tLa Vie Debordante [ Mike Phillips ]
tI4dba2n9JA\t3182.0\tl'Esclavage de la Religion et le Vrai Problème de l'Homme [Religion Vaine 02]
zC1kxRXWGHc\t3274.0\tCharacteristics of Hypocritical Religion [Vain Religion 01]
1tLNBV_tWBo\t3149.0\tQue voulez-vous de Dieu? [deCOURAGEment 06]
nBTCIYwyS2c\t2220.0\tRacines 08 - Sodome Jugé, Isaac Né et Abraham Testé - L'Evangile  Typifié - Gn.19-22
c5MQQub8lZg\t2240.0\tRacines 07 - La Circuncision et la Prière d'Intercession - Gn.17-18
_7zlIXgDgq0\t2759.0\tLe Pain de Dieu: Âme et Corps Satisfaits [deCOURAGEment 05]
Eugd50-y0YI\t3583.0\tRacines 05 - Noé, Babel et l'Appel d'Abraham - Gn 9-13
ECX6_m1-SrI\t3575.0\tRacines 06 - La Justification par la Foi - Gn.14-17
r9VdVg3YhrU\t2391.0\tRepos Raisonnable ou Fatigue Amoureuse? [deCOURAGEment 04]
MnyxTg1ZsUU\t2834.0\tImpossible Faire Taire la Voix de Dieu [deCOURAGEment 03]
9DfMOOsC12o\t2844.0\tN’osez pas fermer la porte à la face d’un tel amour - [deCOURAGEment 02]
48V9WMPfPXg\t2722.0\tRacines 04 - La Montée de la Corruption - Gn.4-11
nTrSEHDkXqM\t1578.0\tQuestions et Réponses - Leçons 1 - 3 ( Gn.1-3 )
gp1cpFhFgL0\t3126.0\tRacines 03 - Paradis Perdu - Gn.3
nE0lnrFUfFw\t2452.0\tRacines 02 - L'Ordre Original - Gn.1 et 2
8pez2qvk7ZI\t2232.0\tRacines 01 - Rencontrer Jésus dans la Genèse
ZW-ybbxiKEQ\t3338.0\tPour de Vrai - Le Caractère du Chrétien - PORTUGUÊS/FRANÇAIS
yxvHbUvdq0Y\t2996.0\tL'incredulité choque Dieu  -  [deCOURAGEment 01]
dNx8M18M7BA\t3385.0\tJamais trop tard pour Jésus - 1/2
ayK_Ss43Y48\t2773.0\tCharité à contre courant
0MXuzOTEJ24\t2635.0\tLa force des tenèbres
xM2p93xbkZc\t2421.0\tPetit depart, Grand impact!
ZIxl6R9loCI\t2505.0\tLa parabole du Semeur -  introduction
CYYRlnPVCd8\t2865.0\tFaites briller la lumière de Dieu
wLjJVJgwBTg\t3120.0\tLa parabole du Semeur
KWA5Y3jbTEE\t3286.0\tL'activité centrale du peuple de Dieu [ Famille de foi | David Pelosi ]
4138K5wfsb8\t2986.0\tFamille de foi  - AUDIO - Gustavo Faleiro
2rde0LAH8Xg\t2773.0\tUne famille d'adorateurs [ Famille de Foi | Gustavo Faleiro ]
RDKr9Oa0RTI\t2628.0\tUne Famille à l'Image du Dieu Famille [ Famille de Foi | David Pelosi ]
rgbmlAWOFnY\t3493.0\tEBN - Famille de foi - João Cardoso - Ago 2015
kmvkATplMxo\t2772.0\tEBN - La vraie famille de Jésus
EN7vKy7S_pg\t2443.0\tEBN - Être proche ne suffit pas - L'opposition
BSuVgo-p13g\t2421.0\tEBN - le Seigneur du Sabbat
FtYiU4LzEQ4\t2390.0\tEBN - L'opposition - 21 juin 2015
6ViOEtaPrqs\t3028.0\tJésus, le célèbre inconnu - 8
V0fb1RAyBU8\t2108.0\tEBN - Joyeuses Pâques - Gustavo Faleiro
tn6XG-4ziNw\t3231.0\tJésus, le célèbre inconnu -  6ème partie
tADSTAQI98E\t3525.0\tJésus, le célèbre inconnu - 7
XGFaN8nR97A\t2672.0\tJésus, le célèbre inconnu - 5
Fun9oScBZTo\t2852.0\tJésus, le célèbre inconnu - 4
PivTSA8sa1U\t2717.0\tJésus, le célèbre inconnu - 3
9PMup8zpNrI\t2736.0\tJésus, le célèbre inconnu - 2
BSbIONU3MZQ\t2090.0\tEBN - Jésus, le célèbre inconnu - 1
-Zzy68245CU\t2648.0\tÀ vos marques, prêts, partez   2/4
pfP2EqBbnFw\t2715.0\tOn your marks, get set, go! 1/4
gs5f300YkW8\t3158.0\tLa Souffrance   4/4
TY-Pq7GCcgI\t3135.0\tLa Souffrance  -  3/4
7VzxqwZlLmQ\t3151.0\tLa Souffrance   2/4
72NywDEh2CQ\t2481.0\tLa Souffrance   1/4
n98lbvSVyn0\t2308.0\tLe Mariage   1/4
dF-lLmi0ySU\t3041.0\tLe Mariage  2/4
Wozkv9FkcsI\t3260.0\tLe Mariage 3/4
Nc1dF2WFhkY\t3309.0\tLe Mariage - 4/4
501xUr-Ox_k\t4497.0\tPaul Washer - La Parole en Gouvernant la Vie et le Culte
cvC3NP6TBaM\t3161.0\tInvestissement   Dernière pertie
LDNCqPmm0Vw\t2845.0\tINVESTISSEMENT -  3ème partie
KxHifRjUmcs\t2765.0\tINVESTISSEMENT   2éme partie
8neSoqYlKYo\t3004.0\tInvestissement -  1ère partie
CXEO2a03yDg\t3691.0\tLa Prière   4ème Partie
Gn2R4oUJmiI\t2265.0\tLa Prière 2ème Partie
gGILe3ADEKU\t2216.0\tLa Prière   1ère partie
a1XACmRYItE\t2931.0\tLa Bible   Dernière partie
gj17HMaMOyY\t2990.0\tLa Bible   3ème Partie
ssxWvhBekqI\t2188.0\tLa Bible   2ème partie
859ve8VBcJw\t2714.0\tÉglise Bonne Nouvelle - 1ère année
sjG__9VrXM0\t3055.0\tLa Bible   1ère Partie
O9JQBvga41E\t2260.0\tJ'aime - 2ème partie
PFuWQZJcoHE\t1918.0\tJ'aime  - 1ère partie
wgis2luCkVU\t2279.0\tÀ la recherche du Bonheur 6/6
iTmgxHwCzHw\t2483.0\tÀ la recherche du Bonheur 5/6
bCaYIw1Ocw0\t1643.0\tA la recherche du Bonheur 4/6
oLoNQjP0ZoU\t2652.0\tA LA RECHERCHE DU BONHEUR 3/6
XIOp5-5GxwM\t1902.0\tA LA RECHERCHE DU BONHEUR 2/6
oUIXYKX-DtM\t2147.0\tÀ LA RECHERCHE DU BONHEUR 1/6
