2338530545\tLa doctrine de l'incarnation de Christ | Luc 1 : 26 - 38
2334913202\tIntroduction à la Christologie : Déclarations capitales | Colossiens 1 : 12 - 20
2334907916\tIntroduction au panorama général de la Bible
2326480337\tIntroduction à la Christologie : Ordre confessionnel | Colossiens 1 : 12 - 20
2309532407\tLe triomphe de la miséricorde | Jacques 2 : 12 - 13
2305315550\tActes 1 : 1 - 11
2296940147\tJean 13 : 1 - 18
2284148612\t2026_03_15 | Galates 6 : 14
2279697239\tLe jugement imminent de Dieu : la nuit est avancée, le jour approche | Ézéchiel 7 : 5 - 7
2275538630\tLe légalisme transgresseur face à la liberté sanctifiante | Galates 6 : 13
2271246476\tChrist, Prêtre et Roi de paix | Hébreux 7 : 1 - 2
2270784290\tLa supériorité de la nouvelle alliance | Hébreux 1 : 1 - 4
2267022659\tL'adoration au cœur du salut en Jésus-Christ | Jean 4 : 1 - 24
2262405503\tLa foi authentique : promouvoir la liberté par le don de soi | Galates 6 : 12 - 13
2261976683\tL'alliance de grâce dans l'AT et NT : une seule et même alliance | Romains 4 : 1 - 25
2259635702\tL'amour extraordinaire du Dieu trinitaire | Jean 3 : 16
2259630446\tLa destruction totale d'Israël pour mettre fin à leur vie misérable selon Dieu | Ézéchiel 7 : 1 - 4
2258368859\tL'impitoyable condamnation de la loi, une et indivisible | Jacques 2 : 8 - 11
2258331260\tDédicace du Temple : Christ notre lieu d'adoration | 1 Rois 8 : 27 (Pr. David Pelosi)
2258129696\tLa foi authentique : les vraies affections religieuses | Galates 6 : 11 - 18
2257818737\tIntroduction à l'Alliance de grâce dans le NT | 1 Pierre 1 : 8 - 13
2253830741\tUn ultimatum au christianisme authentique | Galates 6 : 11 - 18
2250429056\tL'Alliance de grâce dans l'AT | Genèse 3 : 9 - 24
2250427724\tIntroduction à l'Alliance de Dieu | Genèse 3 : 9 - 24
2249668412\tNe nous laissons pas de faire le bien | Galates 6 : 9
2223785435\tLa culpabilité et la pollution originelle | Romains 5 : 12 - 19
2216419829\tChrist en Melchisédech : le prêtre du Dieu Très-Haut | Hébreux 7 : 1
2216417279\tLe péché originel | Romains 5 : 12 - 19
2210690636\tLa description biblique et confessionnelle de la chute de l'homme | Genèse 3 : 9 - 24
2210660165\tLa Loi du Christ (I) : restaurer un frère avec douceur et humilité | Galates 5 : 26
2205625143\t2025_10_31 Questions et Réponses | Nathanaël Fis
2205619247\tLamentations et compassion d'Ézéchiel face aux iniquités et au jugement d'Israël| Ézéchiel 6 : 11 - 14
2199484955\tFruit de l'Esprit : la tempérance | Galates 5 : 22
2193800499\tLes conséquences du péché | Genèse 3 : 7 - 24
2193798131\tFruit de l'Esprit : fidélité et douceur | Galates 5 : 22
2188664595\tFruit de l'Esprit : patience, benignité et bonté | Galates 5 : 22
2187560778\tLa tentation de notre Seigneur Jésus-Christ | Matthieu 4 : 1 - 11
2183820587\tLa paix qui jaillit du Christ par l'Esprit | Galates 5 : 22
2181893075\tLa chute de l'homme | Genèse 3 : 1 - 8
2178138930\tLa conception biblique de la paix de l'Esprit | Galates 5 : 22
2177514024\tL'état de Beatitude Initiale de l'homme | Genèse 2
2175501204\tEvaluation des diacres
2175500673\tFormations des diacres : V - IX Ce qu'ils doivent faire
2175498435\tFormations des diacres : IV Ce qu'ils doivent être
2175491502\tFormations des diacres : I - III Serviteurs d'office
2174499144\tConversion authentique, embassadeurs responsables | Actes 8 : 29 - 40 (Pr. David Pelosi)
2173529298\tIntroduction á la chute de l'homme | Genèse 3 : 1 - 8
2170364553\tL'évangélisation biblique | Actes 8 : 26 - 35 (Pr. David Pelosi)
2169824730\tAimer servir au lieu de craindre | 1 Jean 4 : 7 - 11
2167749627\tLa beauté de notre nouvelle naissance | Jacques 1 : 16 - 18
2167749246\tQuand l'épreuve devient tentation | Jacques 1 : 12 - 15
2167748475\tLe danger des richesses terrestres | Jacques 1 : 9 - 11
2167745982\tLa persévérance chrétienne | Jacques 1 : 1 - 4
2166477156\tÊtre témoins de Christ | Actes 8 : 26 - 35 (Pr. David Pelosi)
2163682815\tComment Dieu est glorifié dans notre repentance ? | Ézéchiel 6 : 9 - 10
2158843905\tFavoritisme : incohérent avec les principes de l'Evangile | Jacques 2 : 6 - 7
2158843158\tFavoritisme : incompatible avec Dieu et son peuple | Jacques 2 : 5
2151088524\tL'origine ténébreuse du favoritisme | Jacques 2 : 1 - 4
2151088182\tÉzéchiel 6 : 7 - 10
2151087165\tLa réponse biblique à l'estime de soi | 2 Corinthiens 12 : 7 - 10
2151086655\tDe quoi avons nous besoin ? | Psaumes 6 : 1 - 10
2137660878\tLa destruction des idoles et des idolâtres | Ézéchiel 6 : 1 - 7
2136840354\tLa peur d'être exposé, rejeté et blessé | Ésaïe 53 : 4 - 5
2133657198\tIsraël, un sujet d'opprobre et d'effroi et ce qu'il nous enseigne | Ézéchiel 5 : 13 - 17
2133651906\tNouvelle naissance : œuvre souveraine de Dieu | Jean 3 : 1 - 10
2128572861\tLa Crainte de Dieu | Psaumes 31 : 20
2124804168\tLa crainte de l'homme | Proverbes 29 : 25
2121638127\tJésus : le vrai sacerdoce selon les Écritures | Hébreux 6 : 20
2120998923\tQuestions et Réponses | La Providence de Dieu
2117744874\tJoie chrétienne : l'adoration du Père qui pourvoit | Philippiens 4 : 18 - 20
2117114544\tLa Providence de Dieu centrée sur Christ | Éphésiens 1 : 3 - 14
2113855248\tLes degrés et difficultés de la Providence de Dieu | Colossiens 1 : 15 - 19
2113848477\tJoie chrétienne :  maturité missionaire d'une Église | Philippiens 4 : 14 - 17
2111905611\tJoie chrétienne : générosité envers les ministres de l'évangile | Philippiens 4 : 10 - 13
2106554973\tLes deux différentes voies des hommes selon La Parole  |  Psaume 1 : Stephan Kongo
2104182597\tLa définition de la Providence de Dieu
2104141731\tJoie Chrétienne : contentement en toute circonstance | Philippiens 4 : 4 - 9
2098900806\tJoie Chrétienne : fraternité, prière, et sainteté   |   Philippiens 4 : 2 à 9
2091255438\tLe jugement de Dieu sur Israël pour avoir souillé le sanctuaire | Ézéchiel 5 : 11 - 13
2088231870\tÊtre l'aide en Dieu : Pour l'Église
2088230982\tÊtre l'aide en Dieu : Pour le ministre
2088230604\tÊtre l'aide en Dieu : Pour le mari et le père
2082409164\tLe fondement ultime de notre espérance | Hébreux 6 : 20
2077749968\tLa Joie de l'Esprit | Galates 5 : 22
2077120036\tConfession de foi ( Chapitre IV, partie 9 ) | Colossiens 1 : 9 - 20
2072182164\tLa Joie de l'Esprit : une vertu distinctive du croyant | Galates 5 : 22
2067280192\tEnracinés dans l'amour de Christ et fructifier l'amour de Christ | Galates 5 : 22
2061671560\tL'Amour, la vertu capitale du fruit de l'Esprit | Galates 5 : 22
2060412908\tLes quatre états de l'image de Dieu chez l'homme | Colossiens 3 : 1 - 11
2060162440\tLe fruit de l'Esprit cultivé sous l'épreuve : la discipline, la tribulation et le témoignage  |  Galates Ch. 5 v 22 - 26
2054926060\tImage de Dieu : être et fonction | Genèse 1 : 26 - 2 : 3
2053267620\tLe fruit de l'Esprit et les moyens de Grâce  |  Galates Ch. 5 : 22 - 26
2053265520\tLe caractère cultivable du fruit  |  Galates Ch. 5 : 16 - 26
2053260992\tL'image de Dieu au coeur de l'anthropologie ( Chapitre IV, partie 6 ) Genèse 1 : 26 - 31
2043159028\tÉzéchiel Chapitre 5 : 5 à 8
2039466084\tAssurance perpétuelle : L'Esprit de Dieu chez le croyant | Galates Ch. 5 : 16 - 26
2039462392\tL'image de Dieu au coeur de l'anthropologie ( Chapitre IV, partie 5 ) Genèse 1 : 26 - 31
2039458940\tLes caractéristiques des fruits de l'Esprit | Galates Ch. 5 : 16 - 26
2039455192\tLa création de l'homme ( Chapitre IV, partie 4 ) Genèse 1 : 26 - 31
2024353268\tIntroduction au fruit de l'Esprit  |  Galates Ch. 5 : 13 - 26
2020464289\tNoël le plus glorieux des mystères : Dieu en chair élevé dans la gloire | 1 Tim 3 : 14 - 16
2018139389\tConfession de foi ( Chapitre IV, partie 3 ) | Genèse 1 :  1 - 5
2012677347\tNoël le plus glorieux des mystères : Dieu en chair cru dans le monde | 1 Tim 3 : 14 - 16
2011866255\tConfession de foi ( Chapitre IV, partie 2 ) | Genèse 1 :  1 - 5
2007594779\tNoël le plus glorieux des mystères : Dieu en chair proclamé aux païens | 1 Tim 3 : 14 - 16
2006543831\tConfession de foi (Chapitre IV) | Genèse 1 :  1 - 5
2002238743\tNoël le plus glorieux des mystères : Dieu en chair vu par les anges | 1 Tim 3 : 14 - 16
1996734623\tLe triomphe de Christ dans le cœur des enfants de Dieu | Jean 1 : 1 - 13 (Christian Bouedjoro)
1992138231\tNoël, le plus glorieux des mystères : Dieu en chair justifié par l'Esprit | 1 Timothée 3 : 14 - 16
1986279755\tNoël, le plus glorieux des mystères : Dieu manifesté en chair | 1 Timothée 3 : 14 - 16
1976866735\tLa Loi n'est pas contraire aux promesses | Galates Ch.3 v 21 à 23
1976810775\tLa Grâce de la loi : les transgressions | Galates Ch. 3 v 19 à 20
1976793323\tL'Alliance de grâce éternelle au sein de La Trinité | Galates Ch. 3 v 15 à 20
1976723199\tChrist la nourriture suprême de l'âme | Galates Ch. 5 v 21
1976072175\tChrist notre Justice  |  Galates Ch. 3 v 14
1976035711\tChrist fait Malédiction  |  Galates Ch. 3 v 13 ( 2 )
1976021207\tGalates Ch. 3 v 13 ( 1 )
1976014023\tGalates Ch. 3 v 10 à 14
1976000211\tGalates Ch. 3 v 5 à 9, 13 et 14
1975793171\tLes œuvres et artifices des anges déchus | Marc 1 : 9 - 15, 21 - 28
1973493847\tGalates Ch. 3 v 5 à 16
1972184391\tGalates Ch. 3 v 5 à 9
1972171667\tGalates Ch. 3 v 5 à 16
1972164591\tGalates Ch. 3 v 1 à 6 ( 3 )
1972155759\tGalates Ch. 3 v 1 à 6 ( 2 )
1972155507\tL'intempérance : plutôt un péché qu'une maladie | Galates 5 : 21
1972147783\tGalates Ch. 3 v 1 à 6 ( 1 )
1972127991\tGalates Ch.3 v 1 à 7
1972060643\tGalates Ch 2 v 17
1971895351\tGalates Ch. 2 v 17
1971776595\tGalates  Ch. 2 v 15 à 16 ( 2 )
1970210631\tL'état originel et la chute de Satan | Luc 10 : 17 - 24
1966143915\tL'ancre de l'âme | Hébreux 6 : 19
1965241527\tIntroduction aux anges déchus | Luc 10 : 17 - 24
1960833719\tNotre inimitié expiée à la croix | Galates 5 : 20
1959631311\tL'occupation des anges élus | Apocalypse 5 : 8 - 14
1954725199\tL'origine et nature des anges | Hébreux 1 : 1 - 14
1954723351\tL'aspect abominable de l'inimitié | Galates 5 : 20
1949030511\tLes manifestations variables de l'inimitié | Galates 5 : 20
1947861891\tLa lecture naturelle de la création | Genèse 1 : 1 - 2 : 3
1943259707\tVivre pour la gloire de Dieu | Romains 11 : 32 - 36 (Pr. David Pelosi)
1940982903\tLe Décret Éternel de Dieu : La prédestination des Saints | Éphésiens 1 : 3 - 12
1940976919\tLa victoire de Christ sur les idoles du cœur | Galates 5 : 20
1936150085\tLe Décret Éternel de Dieu est tout inclusif | Éphésiens 1 : 3 - 12
1935232151\tGalates Ch.2 v 15 à 16 ( 1 )
1935231776\tGalates Ch.2 v 15 à 18
1935230990\tGalates Ch.2 v 14 à 21 (2)
1935230426\tGalates Ch.2 v 14 à 21 (1)
1935229211\tGalates Ch.2 v 11 à 16 (3)
1935213752\tLe péché de l'idolâtrie | Galates 5 : 20
1929927797\tLe péché de l'immoralité sexuelle | Galates 5 : 19
1929281933\tIntroduction au Décret Éternel de Dieu | Éphésiens 1 : 3 - 12
1925968481\tLes œuvres de la chair sont multiformes | Galates 5 : 19 - 21
1925957723\tGalates Ch. 2 v 11 à 16 (2)
1925951444\tGalates Ch. 2 v 11 à 16 (1)
1925946422\tGalates Ch. 2 v 1 - 10 (3)
1925938103\tGalates Ch. 2 v 1 - 10 (2)
1925937050\tGalates Ch. 2 v 1 - 10 (1)
1925240804\tLa Sainte Trinité | Philippiens 2 : 5 - 11
1922876054\tLes œuvres de la chair ne peuvent pas caractériser un enfant de Dieu | Galates 5 : 19 - 21
1922531474\tGalates 1 v 8 - 24
1922530361\tGalates  1 v 11 - 24
1921720505\tGalates 1 v 8 - 17
1921719686\tLa qualification apostolique suprême : plaire au Christ seul  |  Galates 1 : 10
1920885503\tLes œuvres de la chair sont manifestes   |   Galates 5 : 19
1916492831\tL'importance de la doctrine de la Trinité | Matthieu 3 : 13 - 17
1914361541\tLa personne du Saint Esprit et la sanctification | Galates 5 : 16
1914360362\tMarcher dans l'Esprit | Galates 5 : 16 - 18
1903866746\tLa religion du cœur | Jacques 1 : 26 - 27
1903861574\tLe péril de la passivité | Jacques 1 : 22 - 24
1903860197\tLa perfection de la loi naturelle | Jacques 1 : 25 (Partie I)
1903858688\tLe chemin vers le bonheur chrétien | Jacques 1 : 25 (Partie II)
1903852337\tLa religion du cœur | Jacques 1:26-27
1900268571\tLes signes du jugement | Ézéchiel 5:1-4
1900264623\tDieu œuvre lui même au jugement d'Israël | Ézéchiel 5:8-17
1900255956\tLe jugement de Dieu malgré l'amour et les privilèges accordés à Jérusalem | Ézéchiel 5:5-7
1900254174\tIntroduction à l'excellence de la Nouvelle Alliance | Hébreux 6:18
1900250868\tL'irrévocabilité des promesses de Dieu (II) | Hébreux 6:14-17
1859238936\tChrist, accomplissement de La Loi, et non son abolition | Matthieu 5 : 17 - 20  (Pr. Stephan Kongo)
1848644817\tLa réprobation des faux évangiles et de ses prédicateurs  |  Galates 1 : 6 - 9
1848634356\tL'étonnement de l'apôtre Paul face à l'égarement des Galates  |  Galates 1 : 6
1834617897\tLa Piété Avec Contentement  |  Pr. David Pelosi
1824015846\tLe rôle exclusif des Apôtres  | Galates 1:1-5
1824014199\tL'appel exclusif des Apôtres | Galates 1:1-5
1824012756\tPaul, l'homme théologien, évangéliste, chrétien | Galates 1:1-5
1824003237\tPaul, l'homme naturel | Galates 1:1-5
1823993748\tSoumettre Mamon à Christ en tant qu'Eglise  | Pr. David Pelosi
1815113361\tRuiné par les finances  |  Marc 10 : 17-27 Jonas Hensworth
1815112302\tUne bénédiction contagieuse  |  Genèse 32 : 24-32  Joël Beeke
1796999869\tL'irrévocabilité des promesses de Dieu (I) | Hébreux 6:13
1796994070\tPâques, l'émerveillement continu | 1 Pierre 1:17-21
1788683833\tRésumé & Questions - Réponses | Pr. David Pelosi
1783414731\tSoumettre l'argent à Christ - Le bon usage des biens temporels | Pr. David Pelosi
1783411983\tFuir le désir d'être riche | Pr. David Pelosi
1783388496\tContentement en Dieu en toutes circonstances | Pr. David Pelosi
1783383399\tGérer les biens de Dieu sous nos soins | Pr. David Pelosi
1761530460\tLa justice de Dieu pour réconfort | Hébreux 6:9-10
1761516453\tLe péril de l'immobilisme (II) | Hébreux 6:7-8
1761512832\tLe péril de l'immobilisme (I) | Hébreux 6:1-6
1757757267\tTrouvés coupables d'être lents | Hébreux 5:9-14
1757755131\tLa perfection du sacerdoce de Christ par son exercice | Hébreux 5:1-7
1757740353\tDépenser et budgétiser selon les principes bibliques | Pr. Stephan Kongo
1757737536\tPourquoi et comment exercer la libéralité | Pr. Loïc Rakotozafy
1747295427\tLa perfection du sacerdoce de Christ par son statut supérieur | Hébreux 5:5-6
1747292289\tL'invitation du Souverain Sacrificateur à nous approcher avec assurance | Hébreux 4:14-16
1747289583\tLa nature divine du sacerdoce de Christ | Hébreux 4:14
1747287255\tLa Parole de Dieu met à nu | Hébreux 4:12-13
1747285392\tLa nature et les conséquences de l'incrédulité | Hébreux 3:19
1747282587\tAux coeurs endurcis (II) | Hébreux 3:12-18
1747280997\tAux coeurs endurcis (I) I Hébreux 3:7-11
1747279587\tChrist supérieur à Moïse | Hébreux 3:2-6
1747277709\tConsidérez Christ | Hébreux 3:1
1747271847\tLa glorieuse humiliation du Christ | Hébreux 2:9-10
1747265775\tLes bienfaits de l'humiliation du Christ (II) | Hébreux 2:15-16
1747263570\tLes bienfaits de l'humiliation du Christ (I) | Hébreux 2:11-14
1737731010\tConservons notre pleine espérance | Hébreux 6:11-12
1736838363\tIntroduction | Pr. Stephan Kongo
1736800041\tL'intendance fidèle | Nathanaël Fis (ancien en formation)
1722453477\tRacheter le temps pour vivre sagement
1719407739\tUn refuge éternel dans un pèlerinage éphémère
1719407703\tLa fragilité humaine face à l'Éternité de Dieu
1690636275\tPratique la parentalité biblique - Pr. Stephan Kongo
1690634472\tLa parentalité selon la Bible | Pr. Stephan Kongo
1690631577\tPratiquer le mariage biblique
1690629117\tLe mariage selon la Bible
1690626048\tPratiquer le célibat biblique | Pr. David Pelosi
1690623990\tLe célibat selon la Bible | Pr. David Pelosi
1686416268\tLeçon n°10
1669285608\tLeçon n°9
1666889544\tLeçon n°8
1666886688\tLeçon n°7
1652069766\tLeçon n°6
1651552257\tLeçon n°1
1651552254\tLeçon n°2
1651552227\tLeçon n°3
1651552212\tLeçon n°4
1651552182\tLeçon n°5
1650134268\tIntroduction
1650117738\tLeçon 3 -  Baptême du croyant
